<?xml version="1.0" encoding="UTF-8"?>
<!DOCTYPE generatorConfiguration
        PUBLIC "-//mybatis.org//DTD MyBatis Generator Configuration 1.0//EN"
        "http://mybatis.org/dtd/mybatis-generator-config_1_0.dtd">

<!--执行maven逆向工程的命令：mybatis-generator:generate-->
<generatorConfiguration>

    <context id="default" targetRuntime="MyBatis3">
        <commentGenerator>
            <!-- 是否去除自动生成的注释 true:是;false:否 -->
            <property name="suppressAllComments" value="false"/>
        </commentGenerator>

        <!--数据库连接的信息：驱动类、连接地址、用户名、密码 -->
        <jdbcConnection
                driverClass="com.mysql.jdbc.Driver"
                connectionURL="jdbc:mysql://localhost:3306/collect"
                userId="root"
                password="123456">
        </jdbcConnection>

        <!-- 默认false，把JDBC DECIMAL 和 NUMERIC 类型解析为 Integer，为 true时把JDBC DECIMAL
            和 NUMERIC 类型解析为java.math.BigDecimal -->
        <javaTypeResolver>
            <property name="forceBigDecimals" value="true"/>
        </javaTypeResolver>

        <!-- targetProject:生成Entity类的路径 -->
        <javaModelGenerator targetProject=".\src\main\java"
                            targetPackage="com.interview.datacollect.pojo">
            <!-- enableSubPackages:是否让schema作为包的后缀 -->
            <property name="enableSubPackages" value="false"/>
            <!-- 从数据库返回的值被清理前后的空格 -->
            <property name="trimStrings" value="true"/>
        </javaModelGenerator>

        <!-- targetProject:XxxMapper.xml映射文件生成的路径 -->
        <sqlMapGenerator targetProject=".\src\main\resources"
                         targetPackage="mybatis">
            <!-- enableSubPackages:是否让schema作为包的后缀 -->
            <property name="enableSubPackages" value="false"/>
        </sqlMapGenerator>

        <!-- targetPackage：Mapper接口生成的位置 -->
        <javaClientGenerator type="XMLMAPPER"
                             targetProject=".\src\main\java"
                             targetPackage="com.interview.datacollect.mapper">
            <!-- enableSubPackages:是否让schema作为包的后缀 -->
            <property name="enableSubPackages" value="false"/>
        </javaClientGenerator>

        <!-- 数据库表名字和我们的entity类对应的映射指定 -->
        <!--        <table tableName="t_cpu" domainObjectName="Cpu" />-->
        <table tableName="t_memory" domainObjectName="Memory"/>
        <table tableName="t_disk" domainObjectName="Disk"/>
        <table tableName="t_net" domainObjectName="Net"/>

    </context>
</generatorConfiguration>